{"name":"59a69ae3-0a99-4a46-82ca-c413fb0cea0f","id":"/providers/Microsoft.Flow/flows/59a69ae3-0a99-4a46-82ca-c413fb0cea0f","type":"Microsoft.Flow/flows","properties":{"apiId":"/providers/Microsoft.PowerApps/apis/shared_logicflows","displayName":"Paging Flow","definition":{"metadata":{"workflowEntityId":null,"processAdvisorMetadata":null,"flowclientsuspensionreason":"None","flowclientsuspensiontime":null,"creator":{"id":"50ab1cf5-38dc-4283-a216-cfaac6c869ba","type":"User","tenantId":"6698ac31-e602-4f64-ac1f-472ae585c006"},"provisioningMethod":"FromDefinition","failureAlertSubscription":true,"clientLastModifiedTime":"2021-06-26T05:03:06.026747Z"},"$schema":"https://schema.management.azure.com/providers/Microsoft.Logic/schemas/2016-06-01/workflowdefinition.json#","contentVersion":"1.0.0.0","parameters":{"$connections":{"defaultValue":{},"type":"Object"},"$authentication":{"defaultValue":{},"type":"SecureObject"}},"triggers":{"manual":{"type":"Request","kind":"Button","inputs":{"schema":{"type":"object","properties":{},"required":[]}}}},"actions":{"Initialise_Paging_Cookie_Cleansed":{"runAfter":{"Initialise_Paging_Cookie":["Succeeded"]},"type":"InitializeVariable","inputs":{"variables":[{"name":"pagingCookieCleansed","type":"string"}]}},"Initialise_Paging_Cookie":{"runAfter":{},"type":"InitializeVariable","inputs":{"variables":[{"name":"pagingCookie","type":"string","value":"init"}]}},"Do_until":{"actions":{"Get_Users":{"runAfter":{},"type":"OpenApiConnection","inputs":{"host":{"apiId":"/providers/Microsoft.PowerApps/apis/shared_commondataserviceforapps","connectionName":"shared_commondataserviceforapps","operationId":"ListRecords"},"parameters":{"entityName":"systemusers","fetchXml":"<fetch count='50' page='@{add(iterationIndexes('Do_until'),1)}' @{if(equals(iterationIndexes('Do_until'),0),'',concat('paging-cookie=''', substring(first(skip(split(string(xml(setProperty(variables('encodingJSON'),'x',variables('pagingCookieCleansed')))),'<'),1)),2),''''))}>\n  <entity name='systemuser' >\n    <attribute name='fullname' />\n  </entity>\n</fetch>"},"authentication":"@parameters('$authentication')"},"description":"Page is add(iterationIndexes('Do_until'),1)"},"Update_Paging_Cookie":{"runAfter":{"Get_Users":["Succeeded"]},"type":"SetVariable","inputs":{"name":"pagingCookie","value":"@{if(empty(outputs('Get_Users')?['body']?['@Microsoft.Dynamics.CRM.fetchxmlpagingcookie']),'',decodeUriComponent(decodeUriComponent(outputs('Get_Users')?['body']?['@Microsoft.Dynamics.CRM.fetchxmlpagingcookie'])))}"}},"Update_Paging_Cookie_Cleansed":{"runAfter":{"Update_Paging_Cookie":["Succeeded"]},"type":"SetVariable","inputs":{"name":"pagingCookieCleansed","value":"@{if(empty(variables('pagingCookie')),'',replace(substring(variables('pagingCookie'),add(indexOf(variables('pagingCookie'),'pagingcookie=\"'),14)),'\" istracking=\"False\" />',''))}"}}},"runAfter":{"Initialise_JSON_used_from_encoding_XML":["Succeeded"]},"expression":"@equals(empty(variables('pagingcookie')), true)","limit":{"count":60,"timeout":"PT1H"},"type":"Until"},"Initialise_JSON_used_from_encoding_XML":{"runAfter":{"Initialise_Paging_Cookie_Cleansed":["Succeeded"]},"type":"InitializeVariable","inputs":{"variables":[{"name":"encodingJSON","type":"object","value":{"x":""}}]}}}},"connectionReferences":{"shared_commondataserviceforapps":{"connectionName":"shared-commondataser-a888397b-3092-459f-a3ce-5ad6-5a309364","source":"Embedded","id":"/providers/Microsoft.PowerApps/apis/shared_commondataserviceforapps","tier":"NotSpecified"}},"flowFailureAlertSubscribed":false}}